No. Barang,Keterangan Barang,Jumlah,bottom price
YN 1217 ( 5 MM ),SPC 5 MM,"401,500","369,380"
YN 1216 (5 MM),SPC 5 MM,"401,500","369,380"
"XK7094-302 UK 2,95 M","PVC SEKAT RUANGAN DUA SISI UK 2,95 M","335,000","308,200"
WPC OUTDOOR AT-TEAK,WPC PANEL OUTDOOR TEAK TUNGGAL (ISI 5 BTG),"242,200","222,824"
WPC OUTDOOR AT-RED,WPC PANEL OUTDOOR RED TUNGGAL (ISI 5 BTG),"242,200","222,824"
WPC OUTDOOR AT-LIGHT GREY,WPC PANEL OUTDOOR LIGHT GREY TUNGGAL (ISI 5 BTG),"242,200","222,824"
WPC OUTDOOR AT-LIGHT COFFEE,WPC PANEL OUTDOOR LIGHT COFFEE TUNGGAL ( ISI 5 BTG),"242,200","222,824"
WPC OUTDOOR AT-BLACK,WPC PANEL OUTDOOR BLACK TUNGGAL (ISI 5 BTG),"242,200","222,824"
WPC GBB 121 (ISI 15 BTG),WPC PANEL 3STRIP,88.800,82
WPC GBB 01 (ISI 15 BTG),WPC PANEL 3 STRIP,83.800,77
WPC GBB 02 (ISI 15 BTG),WPC PANEL 3 STRIP,83.800,77
WPC GBB 05 (ISI 15 BTG),WPC PANEL 3 STRIP,83.800,77
WPC GBB 08 (ISI 15 BTG),WPC PANEL 3 STRIP,83.800,77
WPC GBB 111 (ISI 15 BTG),WPC PANEL 3 STRIP,83.800,77
WPC GBB 119 (ISI 15 BTG),WPC PANEL 3 STRIP,83.800,77
WPC GbB 33 (ISI 15 BTG),WPC PANEL 3 STRIP,83.800,77
WPC GBB 34 (ISI 15 BTG),WPC PANEL 3 STRIP,83.800,77
WPC GBB 35 (ISI 15 BTG),WPC PANEL 3 STRIP,83.800,77
WPC GBB 37 (ISI 15 BTG),WPC PANEL 3 STRIP,83.800,77
WPC GBB 57 (ISI 15 BTG),WPC PANEL 3 STRIP,83.800,77
WPC GBB 82 (ISI 15 BTG),WPC PANEL 3 STRIP,83.800,77
WPC GBB 01 (1 METER),WPC PANEL 3 STRIP,36.000,33
WPC GBB 02 (1 METER),WPC PANEL 3 STRIP,36.000,33
WPC GBB 05 ( 1 METER),WPC PANEL,36.000,33
WPC GBB 08 ( 1meter ),WPC PANEL 3 STRIP,36.000,33
WPC GBB 111 (1 METER),WPC PANEL 3 STRIP,36.000,33
WPC GBB 119 (1 METER),WPC PANEL 3 STRIP,36.000,33
WPC GBB 121 ( 1meter ),WPC PANEL 3 STRIP,36.000,33
WPC GBB 33 (1 METER),WPC PANEL,36.000,33
WPC GBB 34 (1 METER),WPC PANEL,36.000,33
WPC GBB 35 (1 METER),WPC PANEL,36.000,33
WPC GBB 37 (1 METER),WPC PANEL,36.000,33
WPC GBB 57 (1M),WPC PANEL 3 STRIP,36.000,33
WPC GBB 82 (1M),WPC PANEL 3 STRIP,36.000,33
WPC G8Y 47 (ISI 10 BTG),WPC PANEL 4 STRIP,88.800,82
WPC G8Y 47 (1meter),WPC PANEL 4 STRIP,36.000,33
WPC G8Y 34,WPC PANEL 4 STRIP,88.800,82
WPC G8Y 31,WPC PANEL 4 STRIP,88.800,82
WPC G8Y 26,WPC PANEL 4 STRIP,88.800,82
WPC G8Y 24 (1 METER),WPC PANEL 4 STRIP,36.000,33
WPC G8Y 24,WPC PANEL 4 STRIP,88.800,82
WPC G8Y 15 (1 METER),WPC PANEL 4 STRIP,36.000,33
WPC G8Y 15,WPC PANEL 4 STRIP,88.800,82
WPC G8Y 121 (ISI 10 BTG),WPC PANEL 4 STRIP,88.800,82
WPC G8Y 121 (1 METER),WPC PANEL 4 STRIP,36.000,33
WPC G8Y 114 (ISI 10 BTG),WPC PANEL 4 STRIP,88.800,82
WPC G8Y 114 (1 METER),WPC PANEL,36.000,33
WPC G8Y 11 (1 METER),WPC PANEL 4 STRIP,36.000,33
WPC G8Y 11,WPC PANEL 4 STRIP,88.800,82
WPC G8Y 106 (NEW) (ISI 10 BTG),WPC PANEL 4 STRIP,88.800,82
WPC G8Y 106 (NEW) - (1M),WPC PANEL 4 STRIP,36.000,33
WPC G8Y 106 (1 METER),WPC PANEL,36.000,33
WPC G8Y 106,WPC PANEL 4 STRIP,88.800,82
WPC G8Y 1024,WPC PANEL 4 STRIP,88.800,82
WPC G8Y 102 (ISI 10 BTG),WPC PANEL 4 STRIP ABU-ABU TUA GLITIR,88.800,82
WPC G8Y 102 ( 1meter ),WPC PANEL 4 STRIP,36.000,33
WPC G8Y 101 (ISI 10 BTG),WPC PANEL 4 STRIP,88.800,82
WPC G8Y 101 ( 1meter ),WPC PANEL 4 STRIP,36.000,33
WPC G8Y 09 (ISI 10 BTG),WPC PANEL 4 STRIP,88.800,82
WPC G8Y 09 (1 METER),WPC PANEL,36.000,33
WPC G8Y 08 (ISI 10 BTG),WPC PANEL 4 STRIP,88.800,82
WPC G8Y 08 (1 METER),WPC PANEL,36.000,33
WPC G8Y 07 (1METER),WPC PANEL,36.000,33
WPC G8Y 07,WPC PANEL 4 STRIP,88.800,82
WPC G8Y 06 (1M),WPC PANEL,36.000,33
WPC G8Y 06,WPC PANEL 4 STRIP,88.800,82
WPC G8Y 05 (1METER),WPC PANEL 4 STRIP,36.000,33
WPC G8Y 04 (ISI 10 BTG),WPC PANEL 4 STRIP,88.800,82
WPC G8Y 04 (1 METER),WPC PANEL,36.000,33
WPC G8Y 03 (1METER),WPC PANEL,36.000,33
WPC G8Y 03,WPC PANEL 4 STRIP,88.800,82
WPC G8Y 02 (1M),WPC PANEL,36.000,33
WPC G8Y 02,WPC PANEL 4 STRIP,88.800,82
WPC G8Y 01 (1METER),WPC PANEL 4 STRIP,36.000,33
WPC G8Y 01,WPC PANEL 4 STRIP,88.800,82
WPC G 01 (10 BATANG),WPC PANEL 4 STRIP,"301,145","277,053"
WPC CY - Y 06,WPC PANEL 5 STRIP,88.800,82
WPC CY 01 (ISI 20 BTG),WPC PANEL,88.800,82
WPC CY 01-2,WPC PANEL 5 STRIP,88.800,82
WPC CY 02 (ISI 20 BTG),WPC PANEL,88.800,82
WPC CY 03 (ISI 20 BTG),WPC PANEL,88.800,82
WPC CY 06 (ISI 20 BTG),WPC PANEL 5 STRIP,88.800,82
WPC CY 110 (ISI 20 BTG),WPC PANEL,88.800,82
WPC CY 113 (ISI 20 BTG),WPC PANEL,88.800,82
WPC CY 122,WPC PANEL,88.800,82
WPC CY 124,WPC PANEL 5 STRIP,88.800,82
WPC CY 37,WPC PANEL 5 STRIP,88.800,82
WPC CY 44,WPC PANEL 5 STRIP,88.800,82
WPC CY 50,WPC PANEL 5 STRIP,88.800,82
WPC CY 59,WPC PANEL,88.800,82
WPC CY 64,WPC PANEL,88.800,82
WPC CY - Y 06 (1meter),WPC PANEL 5 STRIP,36.000,33
WPC CY 01 (1meter),WPC PANEL 5 STRIP,36.000,33
WPC CY 01-2 (1 METER),WPC PANEL 5 STRIP,36.000,33
WPC CY 02 (1M),WPC PANEL,36.000,33
WPC CY 02-59 (1M),WPC PANEL 5 STRIP,36.000,33
WPC CY 03 (1M),WPC PANEL,36.000,33
WPC CY 05-17 (1M),WPC PANEL,36.000,33
WPC CY 06 (1 METER),WPC PANEL 5 STRIP,36.000,33
WPC CY 06-10 (1M),WPC PANEL,36.000,33
WPC cy 10-9 (1m),WPC PANEL,36.000,33
WPC CY 110 (1METER),WPC PANEL,36.000,33
WPC CY 113 ( 1 METER),WPC PANEL,36.000,33
WPC CY 122 (1 meter),WPC PANEL,36.000,33
WPC CY 124 ( 1Meter ),WPC PANEL 5 STRIP,36.000,33
WPC cy 127 (1 meter),WPC PANEL,36.000,33
WPC CY 37 (1 METER),WPC PANEL 5 STRIP,36.000,33
WPC CY 44 (1meter),WPC PANEL 5 STRIP,36.000,33
WPC CY 50 (1 METER),WPC PANEL 5 STRIP,36.000,33
WPC CY 59 (1 METER),WPC PANEL,36.000,33
WPC CY 64 (1 METER ),WPC PANEL,36.000,33
WPC AT - PS 4 (ISI 24 BTG),PS WALLPANEL,88.800,82
WPC AT - PS 3 (ISI 24 BTG),PS WALLPANEL,88.800,82
WPC AT - PS 3 (1 METER),WPC PANEL,36.000,33
WPC AT - PS 2 (ISI 24 BTG),PS WALLPANEL,88.800,82
WPC AT - PS 1 (ISI 24 BTG),PS WALLPANEL,88.800,82
WHITE LED NEON (5 METER),LED NEON STRIP (5 METER),"61,300","56,396"
WHITE LED NEON (1 METER),LED NEON STRIP (1 METER),"20,800","19,136"
WHITE (50*40*48),SMART NAKAS/ MEJA SAMPING TEMPAT TIDUR WHITE UK (50*40*48),"670,800","617,136"
WHITE (30*40*45),SMART NAKAS/ MEJA SAMPING TEMPAT TIDUR WHITE UK (30*40*45),"920,000","846,400"
"WDM-LY 92 (1,5M)",PLINT L,"34,800","32,016"
WDM-LY 92,PLINT L,"42,300","38,916"
"WDM-LY 47 (1,5M)",PLINT L,"34,800","32,016"
WDM-LY 47,PLINT L,"42,300","38,916"
"WDM-LY 10 PUTIH SOLID (1,5M)",PLINT L,"34,800","32,016"
WDM-LY 10 PUTIH SOLID,PLINT L,"42,300","38,916"
"WDM-LY 09 (1,5M)",PLINT L,"34,800","32,016"
WDM-LY 09,PLINT L,"42,300","38,916"
"WDM-LY 08 (1,5M)",PLINT L,"34,800","32,016"
WDM-LY 08,PLINT L,"42,300","38,916"
"WDM-LY 05 (1,5 METER)",PLINT L,"34,800","32,016"
WDM-LY 05,PLINT L,"42,300","38,916"
"WDM-LY 02 (1,5M)",PLINT L,"34,800","32,016"
WDM-LY 02,PLINT L,"42,300","38,916"
WB MB-6001,WALLBOARD LEBAR 60 CM,"198,800","182,896"
WB MB-6002,WALLBOARD LEBAR 60 CM,"198,800","182,896"
WB MB-6003,WALLBOARD LEBAR 60 CM,"198,800","182,896"
WB MB-6004,WALLBOARD LEBAR 60 CM,"198,800","182,896"
WB MB-6006,WALLBOARD LEBAR 60 CM,"198,800","182,896"
WB ATX - 035,WALLBOARD 8 MM 1 DUS ISI 10,"116,800","107,456"
WB ATX - 037,WALLBOARD 8 MM 1 DUS ISI 10,"116,800","107,456"
WB ATX - 039,WALLBOARD 8 MM 1 DUS ISI 10,"116,800","107,456"
WB ATX - 042,WALLBOARD 8 MM 1 DUS ISI 10,"116,800","107,456"
WB ATX - 043,WALLBOARD 8 MM 1 DUS ISI 10,"116,800","107,456"
WB ATX - 045,WALLBOARD 8 MM 1 DUS ISI 10,"116,800","107,456"
WB ATX - 058,WALLBOARD 8 MM 1 DUS ISI 10,"116,800","107,456"
WB ATX - 06,WALLBOARD 8 MM 1 DUS ISI 10,"116,800","107,456"
WB ATX - 082,WALLBOARD 8 MM 1 DUS ISI 10,"116,800","107,456"
WB ATX - 099,WALLBOARD 8 MM 1 DUS ISI 10,"116,800","107,456"
WB ATX - A207,WALLBOARD 8 MM 1 DUS ISI 10,"116,800","107,456"
WB ATX - A209,WALLBOARD 8 MM 1 DUS ISI 10,"116,800","107,456"
WB ATX - A228,WALLBOARD 8 MM 1 DUS ISI 10,"116,800","107,456"
WB SR-X 03,WALLBOARD 8 MM 1 DUS ISI 8,"116,800","107,456"
WB SR-X 08,WALLBOARD 8 MM 1 DUS ISI 8,"116,800","107,456"
WB SR-X 109,WALLBOARD 8 MM 1 DUS ISI 8,"116,800","107,456"
WB SR-X 212,WALLBOARD 8 MM 1 DUS ISI 8,"116,800","107,456"
WB SR-X 809,WALLBOARD 8 MM 1 DUS ISI 8,"116,800","107,456"
WB SR-X 92 (PINK),WALLBOARD 8 MM 1 DUS ISI 8,"116,800","107,456"
WB SRX- 022,WALLBOARD 8 MM 1 DUS ISI 8,"116,800","107,456"
WB SRX- 06,WALLBOARD 8 MM 1 DUS ISI 8,"116,800","107,456"
WB SRX- 106,WALLBOARD 8 MM 1 DUS ISI 8,"116,800","107,456"
WB SRX- 340,WALLBOARD 8 MM 1 DUS ISI 8,"116,800","107,456"
WB SRX- 81,WALLBOARD 8 MM 1 DUS ISI 8,"116,800","107,456"
WB SRX- 88,WALLBOARD 8 MM 1 DUS ISI 8,"116,800","107,456"
WB SRX-08,WALLBOARD 8 MM 1 DUS ISI 8,"116,800","107,456"
WB SRX-082,WALLBOARD 8 MM 1 DUS ISI 8,"116,800","107,456"
WB SRX-172,WALLBOARD 8 MM 1 DUS ISI 8,"116,800","107,456"
WB SRX-436,WALLBOARD 8 MM 1 DUS ISI 8,"116,800","107,456"
WB X - 029,WALLBOARD 8 MM 1DUS ISI 8,"116,800","107,456"
WB X - 032,WALLBOARD 8 MM 1 DUS ISI 8,"116,800","107,456"
WB X - 035,WALLBOARD 8 MM 1 DUS ISI 8,"116,800","107,456"
WB X - 037,WALLBOARD 8 MM 1DUS ISI 8,"116,800","107,456"
WB X - 042,WALLBOARD,"116,800","107,456"
WB X - 043,WALLBOARD 8 MM 1 DUS ISI 8,"116,800","107,456"
"WATER RIPPLE - SILVER (1,45M)",PVC BOARD WATER RIPPLE SILVER,"397,500","365,700"
WARM WHITE LED NEON 5 M (SB),LED NEON STRIP 5 METER (SB),"61,300","56,396"
WARM WHITE LED NEON (5 METER),LED NEON STRIP (5 METER),"61,300","56,396"
WARM WHITE LED NEON (1 METER),LED NEON STRIP (1 METER),"20,800","19,136"
TRACK RELL PUTIH (2M),TRACK RELL PUTIH PANJANG 2M,46100,"42,412"
TRACK RELL PUTIH (1M),TRACK RELL PUTIH PANJANG 1M,25600,"23,552"
TRACK RELL HITAM (2M),TRACK RELL HITAM PANJANG 2M,46100,"42,412"
TRACK RELL HITAM (1M),TRACK RELL HITAM PANJANG 1M,25600,"23,552"
TERPAL A2 (UK 4M X 6M),TERPAL BIRU SILVER,"135,900","125,028"
TERPAL A2 (UK 3M X 4M),TERPAL BIRU SILVER,"54,000","49,680"
TERPAL A2 (UK 2M X 3M),TERPAL BIRU SILVER,"34,800","32,016"
Tembakan seulant,Tembakan seulant,"27,000","24,840"
"TEFLON KECIL UK (22,5 CM)","TEFPON KECIL UKURAN 22,5 CM ANTI LENGKET","56,800","52,256"
TEFLON BESAR UK (31 CM),TEFLON BESAR UKURAN 31 CM ANTI LENGKET,"57,500","52,900"
TEAK TUNGGAL (1.5M),WPC PANEL OUTDOOR TUNGGAL WARNA TEAK,"130,900","120,428"
ST 03,WALLPAPER STICKER,"8,428","7,754"
SPB 05 (3M),LIST PVC LAMPU PLAFON,"85,800","78,936"
SPB 05 (2M),LIST PVC LAMPU PLAFON,"70,200","64,584"
SPB 05 (1M),LIST PVC LAMPU PLAFON,"53,200","48,944"
SPB 04 (2M),LIST PVC LAMPU PLAFON,"70,200","64,584"
SPB 04 (1M),LIST PVC LAMPU PLAFON,"53,200","48,944"
SPB 03 (3M),LIST PVC LAMPU PLAFON,"85,800","78,936"
SPB 03 (2M),LIST PVC LAMPU PLAFON,"70,200","64,584"
SPB 03 (1M),LIST PVC LAMPU PLAFON,"53,200","48,944"
SPB 02 (3M),LIST PVC LAMPU PLAFON,"85,800","78,936"
SPB 02 (2M),LIST PVC LAMPU PLAFON,"70,200","64,584"
SPB 02 (1M),LIST PVC LAMPU PLAFON,"53,200","48,944"
SPB 01 (3M),LIST PVC LAMPU PLAFON,"85,800","78,936"
SPB 01 (2M),LIST PVC LAMPU PLAFON,"70,200","64,584"
SPB 01 (1M),LIST PVC LAMPU PLAFON,"53,200","48,944"
SIKU KARDUS TAMBAHAN,KARDUS TAMBAHAN UNTUK PACKING,"10,000","9,200"
S-83153 (45),CHLOE,"74,500","68,540"
S-83144 (19),CH,"74,500","68,540"
S-83136 (87),CHLOE,"74,500","68,540"
S-83132 (86),CHLOE,"74,500","68,540"
S-83131 (84),CHLOE,"74,500","68,540"
S-83126 (53),CHLOE,"74,500","68,540"
S-83053 (16),CHLOE,"74,500","68,540"
S-83052 (17),CHLOE,"74,500","68,540"
S-83051 (20),CHLOE,"74,500","68,540"
S-83035 (4),CHLOE,"74,500","68,540"
S-83033 (5),CHLOE,"74,500","68,540"
S-83031 (6),CHLOE,"74,500","68,540"
S-83025 (35),CHLOE,"74,500","68,540"
S-83023 (37),CHLOE,"74,500","68,540"
S-83022 (32),CHLOE,"74,500","68,540"
S-83015 (34),CHLOE,"74,500","68,540"
S-83013 (31),CHLOE,"74,500","68,540"
RUMAH LAMPU LED (1 Meter),LAMPU LED,"33,500","30,820"
ROLLER BLINT,ROLLER BLINT,"30,000","27,600"
RM 8,GORDEN JADI 120 X 140 CM,"69,590","64,023"
RM 06,GORDYN ROMANA,"69,590","64,023"
RM 05 GORDEN JADI,GORDEN JADI UK 120 X 140 CM,"69,590","64,023"
RESIN BOARD AKRILIK MOTIF 06,"RESIN BOARD AKRILIK MOTIF 06 (MARMER HITAM PUTIH) PANJANG 2,44 M","611,900","562,948"
RESIN BOARD AKRILIK MOTIF 05,"RESIN BOARD AKRILIK MOTIF 05 (MARMER KUNING PUTIH) PANJANG 2,44 M","611,900","562,948"
RESIN BOARD AKRILIK MOTIF 04,"RESIN BOARD AKRILIK MOTIF 04 (MARMER PUTIH GARIS ABU"") PANJANG 2,44 M","611,900","562,948"
RESIN BOARD AKRILIK MOTIF 03,"RESIN BOARD AKRILIK MOTIF 03 ( MARMER KUNING) PANJANG 2,44 M","611,900","562,948"
RESIN BOARD AKRILIK MOTIF 02,"RESIN BOARD AKRILIK MOTIF 02 (MARMER PINK) PANJANG 2,44 M","611,900","562,948"
RESIN BOARD AKRILIK MOTIF 01,"RESIN BOARD AKRILIK MOTIF 01 (AWAN) PANJANG 2,44 M","611,900","562,948"
REL GORDEN KRISTAL SILVER,REL GORDEN,"696,000","640,320"
REL GORDEN KRISTAL GOLD,REL GORDEN,"960,000","883,200"
PVCB-02 (GOLD),PVC BOARD MIRROR WARNA GOLD,"525,000","483,000"
PVCB-02 (GOLD) (1.45M),PVC BOARD MIRROR WARNA GOLD,"298,500","274,620"
PVCB- 001 (SILVER),PVC BOARD MIRROR WARNA SILVER,"525,000","483,000"
PVCB- 001 (SILVER) - (1.5M),PVC BOARD MIRROR WARNA SILVER,"298,500","274,620"
PVCB - 013 (HITAM) - (1.45M),PVC BOARD MIRROR WARNA HITAM,"298,500","274,620"
PVCB - 013 (HITAM),PVC BOARD MIRROR WARNA HITAM,"525,000","483,000"
PU STONE NO 15,PU STONE (B),"194,500","178,940"
PU STONE B-05 NEW,PU STONE (B) NEW,"194,500","178,940"
PU STONE B 05,PU STONE (B),"194,500","178,940"
PU STONE B 03,PU STONE (B),"194,500","178,940"
PU STONE B 01,PU STONE (B),"194,500","178,940"
PU STONE A-15,PU STONE (B),"194,500","178,940"
PU STONE A-14,PU STONE (B),"194,500","178,940"
PU STONE 02,PU STONE,"194,500","178,940"
PN1002 (9),GREEN 8 CITY,"40,000","36,800"
"PLINT LY 56 (1,5M)",PLINT L WPC,"34,800","32,016"
PLINT LY 56,PLINT L WPC,"42,300","38,916"
"PLINT LY 121 (1,5M)",PLINT L WPC,"34,800","32,016"
PLINT LY 04,PLINT L WPC,"42,300","38,916"
PLINT LY 03,PLINT L WPC,"42,300","38,916"
PLINT LY 02,PLINT L WPC,"42,300","38,916"
"PLINT LY 01 (1,5M)",PLINT L WPC,"34,800","32,016"
PLINT LY 01,PLINT WPC,"42,300","38,916"
PLINT LG 10,PLINT L,"42,300","38,916"
PLINT LG 02,PLINT LG 02,"42,300","38,916"
PEMOTONG KACA,KACA,"30,000","27,600"
PAKING KAYU,KAYU/ TRIPLEK,"10,000","9,200"
ORANYE (48*40*46),SMART NAKAS/ MEJA SAMPING TEMPAT TIDUR ORANYE UK (48*40*46),"790,000","726,800"
MEJA TAMU 60701 PUTIH,MEJA TAMU 60701 PUTIH,"945,500","869,860"
MEJA TAMU 50702 PUTIH,MEJA TAMU 50702 PUTIH,"1,150,000","1,058,000"
MEJA TAMU 50701 ABU,MEJA TAMU 50701 ABU,"840,500","773,260"
MD 12 FLOOR DECKING,FLOOR DECKING,217900,"200,468"
M90036 (17),GE,"74,500","68,540"
M76504 (58),EIGHT,"74,500","68,540"
M76406 (2),EIGHT,"74,500","68,540"
M76405 (4),EIGHT,"74,500","68,540"
M76402 (12),EIGHT,"74,500","68,540"
M76306 (20),EIGHT,"74,500","68,540"
M76162 (53),EIGHT,"74,500","68,540"
LV719 (65),WD,"74,500","68,540"
LV 757,WALLPAPER DELAPAN,"74,500","68,540"
LV 745,WALLPAPER DELAPAN,"74,500","68,540"
LV 744,WALLPAPER DELAPAN,"74,500","68,540"
LV 743,WALLPAPER DELAPAN,"74,500","68,540"
LV 742,WALLPAPER DELAPAN,"74,500","68,540"
LV 741,WALLPAPER DELAPAN,"74,500","68,540"
LV 737 (67),WALLPAPER DELAPAN,"74,500","68,540"
LV 735,WALLPAPER DELAPAN,"74,500","68,540"
LV 734 (69),WD,"74,500","68,540"
LV 706 (62),WD,"74,500","68,540"
LS 4 (1.5M),LIST SIKU PS,"34,800","32,016"
LS 4,LIST SIKU PS,"42,300","38,916"
LS 3 (1.5M),LIST SIKU PS,"34,800","32,016"
LS 3,LIST SIKU PS,"42,300","38,916"
LS 2 (1.5M),LIST SIKU PS,"34,800","32,016"
LS 2,LIST SIKU PS,"42,300","38,916"
LS 1 (1.5M),LIST SIKU PS,"34,800","32,016"
LS 1,LIST SIKU PS,"42,300","38,916"
LPM-BBX HITAM SOLID (B),LIST PLANK 8 CM (B),"45,800","42,136"
LPM-BBX 6002 (B),LIST PLANK 8 CM (B),"45,800","42,136"
LPM-BBX 039 (B),LIST PLANK 8 CM (B),"45,800","42,136"
LPM-BBX 035 (B),LIST PLANK 8 CM (B),"45,800","42,136"
LPM-BBX 031 (B),LIST PLANK 8 CM (B),"45,800","42,136"
LPM-BBX 028 (B),LIST PLANK 8 CM (B),"45,800","42,136"
LPM-BBX 017 (B),LIST PLANK 8 CM (B),"45,800","42,136"
LPM-BBX 014 (B),LIST PLANK 8 CM (B),"45,800","42,136"
LIST W SILVER,LIST W SILVER 8 MILI,"41,800","38,456"
LIST W ROSE GOLD,LIST W ROSE GOLD 8 MILI,"41,800","38,456"
LIST W GOLD,LIST W GOLD 8 MILI,"41,800","38,456"
LIST U SHAPPIRE MIRROR,LIST U  SHAPPIRE MIRROR,"60,800","55,936"
LIST U ROSE GOLD MIRROR,LIST U ROSE GOLD MIRROR,"60,800","55,936"
LIST U GOLD TITANIUM MIRROR,LIST U GOLD TITANIUM MIRROR,"60,800","55,936"
LIST U BLACK MIROR,LIST U BLACK MIROR,"60,800","55,936"
LIST T SILVER,LIST T UNTUK PVC MARBLE,"53,500","49,220"
LIST T ROSE GOLD (8MM),LIST T UNTUK PVC MARBLE,"53,500","49,220"
LIST T ROSE GOLD,LIST T UNTUK PVC MARBLE,"53,500","49,220"
LIST T LED SILVER,LIST T LED SILVER 8 MILI,"67,800","62,376"
LIST T LED ROSE GOLD,LIST T LED ROSE GOLD 8 MILI,"67,800","62,376"
LIST T LED GOLD,LIST T LED GOLD  8 MILI,"67,800","62,376"
LIST T KECIL SILVER (1 CM),LIST T KECIL SILVER 1 CM,"417,600","384,192"
LIST T HITAM (8 MM),LIST T UNTUK PVC MARBLE,"58,500","53,820"
LIST T HITAM (3MM),LIST T UNTUK PVC MARBLE,"53,500","49,220"
LIST T GOLD (8 MM),LIST T UNTUK PVC MARBLE,"53,500","49,220"
LIST T GOLD (5 MM),LIAT T UNTUK PVCBOARD SHEET,"56,800","52,256"
LIST T GOLD,LIST T UNTUK PVC MARBLE,"53,500","49,220"
LIST T BLACK (5 MM),LIST T UNTUK PVCBOARD SHEET,"56,800","52,256"
LIST STRIP GOLD 30 MM,LIST STRIP GOLD LEBAR 30 MILI,"10,800","9,936"
LIST STRIP GOLD,LIST STRIP GOLD LEBAR 8 MILI,"8,200","7,544"
LIST STICKER SILVER (3 CM),LIST STICKER SILVER LEBAR 3 CM PANJANG 50 M,"44,500","40,940"
LIST STICKER SILVER (2CM),LIST STICKER SILVER LEBAR 2 CM PANJANG 50 M,"33,000","30,360"
LIST STICKER ROSE GOLD (3CM),LIST STICKER ROSE GOLD LEBAR 3 CM PANJANG 50 M,"44,500","40,940"
LIST STICKER ROSE GOLD (2 CM),LIST STICKER ROSE GOLD LEBAR 2 CM PANJANG 50 M,"33,000","30,360"
LIST STICKER GOLD (3 CM),LIST STICKER GOLD LEBAR 3 CM PANJANG 50 M,"44,500","40,940"
LIST STICKER GOLD (2 CM),LIST STICKER GOLD LEBAR 2 CM PANJANG 50 M,"33,000","30,360"
LIST PLANK M-6002 (B),LIST PLANK (B),"60,800","55,936"
LIST PLANK M- 039 (B),LIST PLANK (B),"60,800","55,936"
LIST PLANK M- 035 (B),LIST PLANK (B),"60,800","55,936"
LIST PLANK M- 031 (B),LIST PLANK (B),"60,800","55,936"
LIST PLANK M- 028 (B),LIST PLANK (B),"60,800","55,936"
LIST PLANK M- 017 (B),LIST PLANK (B),"60,800","55,936"
LIST PLANK M- 014 (B),LIST PLANK (B),"60,800","55,936"
LIST PLANK HITAM SOLID (B),LIST PLANK (B),"60,800","55,936"
"LIST PLANK ALUMUNIUM ABU"" TUA",LIST PLANK ALUMUNIUM,"145,000","133,400"
"LIST PLANK ALUMUNIUM ABU"" MUDA",LIST PLANK ALUMUNIUM,"145,000","133,400"
LIST F SILVER,LIST F SILVER 8 MILI,"48,900","44,988"
LIST F ROSE GOLD,LIST F ROSE GOLD 8 MILI,"48,900","44,988"
LIST F GOLD,LIST F GOLD 8 MILI,"48,900","44,988"
LIST ENDING U HITAM(8MM),LIST ENDING U HITAM(8MM),"58,800","54,096"
LIST ENDING U GOLD(8MM),LIST ENDING U GOLD(8MM),"58,800","54,096"
LG-581202 (8),CHLOE,"74,500","68,540"
LG-581201 (11),CHLOE,"74,500","68,540"
LG-581103 (12),CHLOE,"74,500","68,540"
LG-581102 (9),CHLOE,"74,500","68,540"
LG-580903 (63),CHLOE,"74,500","68,540"
LG-580807 (69),CHLOE,"74,500","68,540"
LG-580805 (70),CHLOE,"74,500","68,540"
LG-580704 (76),CHLOE,"74,500","68,540"
LG-580703 (82),CHLOE,"74,500","68,540"
LG-580604 (52),CHLOE,"74,500","68,540"
LG-580202 (105),CHLOE,"74,500","68,540"
LG-580102 (60),CHLOE,"74,500","68,540"
LEM WALLPAPER GREATWALL,LEM WALLPAPER GREATWALL 80 GRAM,"27,000","24,840"
LEM SEALENT SL- CLEAR,LEM SEALENT ASAM,"27,000","24,840"
LEM SEALENT NETRAL,LEM SEALENT NON ASAM,"39,000","35,880"
LEM POWER GLUE,LEM KOREA,"8,200","7,544"
LEM FOX GRADE B (2.5KG),LEM UNTUK VINIL LANTAI,"207,800","191,176"
LEM FOX GRADE A (2.5KG),LEM UNTUK VINIL LANTAI,"207,800","191,176"
KW CUSTOM (FRAME),FRAME WPC,"30,000","27,600"
KW 92 (FRAME),FRAME WPC,"30,000","27,600"
KW 56 (FRAME),WPC,"30,000","27,600"
KW 47 (FRAME),FRAME WPC,"30,000","27,600"
KW 24 (FRAME),FRAME WPC,"30,000","27,600"
KW 121 (FRAME),WPC,"30,000","27,600"
KW 114 (FRAME),FRAME WPC,"30,000","27,600"
KW 101 (FRAME),FRAME WPC,"30,000","27,600"
KW 10 (FRAME),FRAME WPC,"30,000","27,600"
KW 09 FRAME,FRAME WPC HITAM,"30,000","27,600"
KW 08 (FRAME),FRAME WPC,"30,000","27,600"
KW 05 FRAME,FRAME WPC,"30,000","27,600"
KW 03 FRAME,FRAME WPC,"30,000","27,600"
KW 02 (FRAME),FRAME WPC,"30,000","27,600"
KW 01 (FRAME),FRAME WPC,"30,000","27,600"
KW - 003,WALLSTICKER,"30,000","27,600"
KS34 KISI PLAFON (5 CM X 9 CM),KISI - KISI PLAFON UK 5 CM X 9 CM,"106,900","98,348"
"KS34 KISI PLAFON (4CM X 4,5CM)","KISI - KISI PLAFON UK 4 CM X 4,5 CM","74,600","68,632"
KS 34 UK 4 CM X 5 CM,KISI PARTISI,"74,600","68,632"
KS 31 UK 4CM X 5 CM,KISI PARTISI (gudang sby rusak 37),"74,600","68,632"
KS 121 UK 4CM X 5CM,KISI PARTISI,"74,600","68,632"
KS 121 UK 10CM X 5CM,KISI PARTISI,"106,900","98,348"
"KS 06 UK 4CM X 5CM (1,45M)",KISI PARTISI,"480,396","441,964"
KS 06 UK 4CM X 5CM,KISI PARTISI,"74,600","68,632"
KS 06 UK 10CM X 5CM,KISI KISI PARTISI,"106,900","98,348"
"KS 02 UK 4 CM X 5 CM (1,45M)",KISI PARTISI,"308,826","284,120"
KS 02 UK 4 CM X 5 CM,KISI PARTISI,"74,600","68,632"
KLIP WPC,KLIP WPC PANEL,Rp550,506
G8Y 6069,WALLBOARD 60 CM 1 DUS ISI 5,"198,800","182,896"
G8Y 6063,WALLBOARD 60 CM 1 DUS ISI 5,"198,800","182,896"
G8Y 6062,WALLBOARD 60 CM 1 DUS ISI 5,"198,800","182,896"
G8Y 6060,WALLBOARD 60 CM 1 DUS ISI 5,"198,800","182,896"
G8Y 6060,WALLBOARD 60 CM 1 DUS ISI 5,"198,800","182,896"
G8Y 6031,WALLBOARD 60 CM 1 DUS ISI 5,"198,800","182,896"
G8Y 31 (KULIT BATU),KULIT BATU/FLEXI BOARD,"230,800","212,336"
G8Y 305,VINYL 2MM NEW,"299,500","275,540"
G8Y 304,VINYL 2MM NEW,"299,500","275,540"
G8Y 303,VINYL 2MM NEW,"299,500","275,540"
G8Y 302,VINYL 2MM NEW,"299,500","275,540"
G8Y 301,VINYL 2 MM NEW,"299,500","275,540"
G8Y 24 (KULIT BATU),KULIT BATU/FLEXI STONE,"230,800","212,336"
G8Y 202,VINYL 2MM,"299,500","275,540"
G8Y 201,VINYL 2MM,"299,500","275,540"
G8Y 17 (KULIT BATU),KULIT BATU/FLEXI STONE,"230,800","212,336"
G8Y 13 (KULIT BATU),KULIT BATU / FLEXI STONE,"230,800","212,336"
G8Y 13,VINYL (3 MM),"370,800","341,136"
G8Y 12,VINYL (3 MM),"370,800","341,136"
G8Y 11,VINYL (3 MM),"370,800","341,136"
G8Y 10 E,VINYL (3 MM),"370,800","341,136"
G8Y 08,VINYL (3 MM),"370,800","341,136"
G8Y 07,VINYL (3 MM),"370,800","341,136"
G8Y 06 E,VINYL (3 MM),"370,800","341,136"
G8Y 06 (KULIT BATU),KULIT BATU/FLEXI STONE,"230,800","212,336"
G8Y 05,VINYL (3 MM),"370,800","341,136"
G8Y 04,VINYL (3 MM),"370,800","341,136"
G8Y 03,VINYL (3 MM),"370,800","341,136"
G8Y 02,VINYL (3 MM),"370,800","341,136"
G8Y 01,VINYL (3 MM),"370,800","341,136"
FR GYM HITAM POLOS,FLOOR RIBBER GYM,"105,900","97,428"
FR GYM HITAM BINTIK KUNING,FLOOR RUBBER GYM,"105,900","97,428"
FR GYM HITAM BINTIK BIRU,FLOOR RUBBER GYM,"105,900","97,428"
FR GYM - HITAM BINTIK PUTIH,FLOOR RUBER GYM,"105,900","97,428"
F71145 (32) - LOT B,EG,"74,600","68,632"
F71126 (56),EIGHT,"74,600","68,632"
F71125 (55),EIGHT,"74,600","68,632"
F71096 (57),EG,"74,600","68,632"
F71093 (31),WD,"74,600","68,632"
F71093,EG,"74,600","68,632"
F71071 (15),EIGHT,"74,600","68,632"
F71063 (54),EIGHT,"74,600","68,632"
F71051 (44),EIGHT,"74,600","68,632"
F71035 (35),EG,"74,600","68,632"
F71026 (69),EIGHT,"74,600","68,632"
F71024 (62),EIGHT,"74,600","68,632"
F71023 (66),EIGHT,"74,600","68,632"
F71022 (67),EIGHT,"74,600","68,632"
ES37076 (30),GREEN 8 CITY,"74,600","68,632"
ES37044 (64),GE,"74,600","68,632"
EP-36085 (42),GREEN 8 CITY,"74,600","68,632"
DY 01,DECKING FLOOR,"217,900","200,468"
DUDUKAN KISI KISI (ISI 10 PCS),KISI KISI,"54,500","50,140"
DT 8020 VINIL ROLLAN (5M),VINIL ROLLAN PREMIUM TEBAL 2 MM (120 CM X 5 M),"318,800","293,296"
DT 8020 VINIL ROLLAN,VINIL ROLLAN PREMIUM TEBAL 2 MM (120 CM X 10 M),"559,500","514,740"
DT 8018 VINIL ROLLAN,VINIL ROLLAN PREMIUM TEBAL 2 MM (120 CM X 10 M),"559,500","514,740"
KACA BEVEL KOTAK TYPE B,KACA BEVEL KOTAK TYPE B UK 20 X 20,"30,500","28,060"
DOUBLE TAPE,DOUBLE TAPE,"9,200","8,464"
DOOR CLOSER BROWN,DOOR CLOSER ORCHAD BROWN,"129,800","119,416"
DOOR CLOSER BLACK,DOOR CLOSER ORCHAD BLACK,"129,800","119,416"
DO048 PVC SHEET(25CM X120CM),PVC SHEET MARBLE STICKER FURNITURE,"9,800","9,016"
DO024 PVC SHEET (25CM X120CM),PVC SHEET MARBLE STICKER FURNITURE,"9,800","9,016"
DO014NEW PVC SHEET 120CM X 50M,PVC SHEET MARBLE STICKER FURNITURE (NEW),"800,000","736,000"
DO014 PVC SHEET(25 CM X120CM),PVC SHEET MARBLE STICKER FURNITURE,"9,800","9,016"
DO013 PVC SHEET(NEW),PVC SHEET MARBLE STICKER FURNITURE,"800,000","736,000"
DO013 PVC SHEET (25CM X120CM),PVC SHEET MARBLE STICKER FURNITURE (NEW),"9,800","9,016"
DO013 PVC SHEET (25CM X120CM,PVC SHEET MARBLE STICKER FURNITURE,"9,800","9,016"
DO012 PVC SHEET(NEW),PVC SHEET MARBLE STICKER FURNITURE (ROLLAN),"800,000","736,000"
DO012 PVC SHEET(25 CM X120 CM),PVC SHEET MARBLE STICKER FURNITURE,"9,800","9,016"
DO012 PVC SHEET (25CM X 120CM),PVC SHEET MARBLE STICKER FURNITURE (NEW),"9,800","9,016"
DO010 PVC SHEET(50 M X120CM),PVC SHEET MARBLE (ROLLAN),"800,000","736,000"
DO010 PVC SHEET(25CM X120CM),PVC SHEET MARBLE STICKER FURNITURE,"9,800","9,016"
DO01 PVC SHEET(25CM X 120CM),PVC SHEET MARBLE STICKER FURNITURE,"9,800","9,016"
DO002 PVC SHEET (50M X 120CM),PVC SHEET MARBLE (ROLLAN) NEW,"800,000","736,000"
DO001 PVC SHEET(50M X 120CM),PVC SHEET MARBLE (ROLLAN),"800,000","736,000"
DO OO9 PVC SHEET(25CM X 120CM),PVC SHEET MARBLE STICKER FURNITURE,"9,800","9,016"
DO OO9 PVC SHEET (50M X 120CM),PVC SHEET MARBLE STICKER FURNITURE (ROLLAN),"800,000","736,000"
DLM 014 VINIL ROLLAN (5 METER),VINIL ROLLAN PREMIUM TEBAL 2 MM (120 CM X 5 M),"318,800","293,296"
DLM 014 VINIL ROLLAN,VINIL ROLLAN PREMIUM TEBAL 2 MM (120 CM X 10 M),"559,500","514,740"
COLOKAN USB WHITE,COLOKAN USB,"48,200","44,344"
AT-Y 24,WPC PANEL 4 STRIP,88.800,82
AT-Y 121,WPC PANEL 4 STRIP,88.800,82
AT-Y 05,WPC PANEL 4STRIP,88.800,82
AT-Y 03,WPC PANEL 4 STRIP,88.800,82
AT-Y 02,WPC PANEL 4 STRIP,88.800,82
AT-Y 01 (1M),WPC PANEL 4 STRIP,36.000,33
AT-Y 01,WPC PANEL 4 STRIP,88.800,82
AT-PVCB 01 SILVER (MIRROR),PVC BOARD MIRROR SILVER,"525,000","483,000"
AT-PVCB 03 BROWNZE (MIRROR),PVC BOARD MIRROR BROWNZE,"525,000","483,000"
AT-PVCB 13 BLACK (MIRROR),PVC BOARD MIRROR BLACK,"525,000","483,000"
AT-PVCB 18 PINK (MIRROR),PVC BOARD MIRROR PINK,"525,000","483,000"
"AT-PVCB 01 SILVER (MIRROR)1,45",PVC BOARD MIRROR SILVER,"298,500","274,620"
AT-PANEL CA 15 (ISI 10 BTG),PANEL CA LIST GOLD UK 30 CM,"107,000","98,440"
AT-PANEL CA 15 (1 METER),PANEL CA LIST GOLD UK 30 CM,"46,800","43,056"
AT-PANEL CA 14 (ISI 10 BTG),PANEL CA LIST GOLD UK 30 CM,"107,000","98,440"
AT-PANEL CA 14 (1 METER),PANEL CA LIST GOLD UK 30 CM,"46,800","43,056"
AT-PANEL CA 13 (ISI 10 BTG),PANEL CA LIST GOLD UK 30 CM,"107,000","98,440"
AT-PANEL CA 12 (ISI 10 BTG),PANEL CA LIST GOLD UK 30 CM,"107,000","98,440"
AT-PANEL CA 12 (1 METER),PANEL CA LIST GOLD UK 30 CM,"46,800","43,056"
AT-PANEL CA 11 (ISI 10 BTG),PANEL CA LIST GOLD UK 30 CM,"107,000","98,440"
AT-PANEL CA 11 (1 METER),PANEL CA LIST GOLD UK 30 CM,"46,800","43,056"
AT-PANEL CA 105 (ISI 10 BTG),PANEL AC UK 30 CM,"98,800","90,896"
AT-PANEL CA 105 (1 METER),PANEL AC UK 30 CM,"46,800","43,056"
AT-PANEL CA 104 (ISI 10 BTG),PANEL AC UK 30 CM,"98,800","90,896"
AT-PANEL CA 104 (1 METER),PANEL AC UK 30 CM,"46,800","43,056"
AT-PANEL CA 103 (ISI 10 BTG),PANEL AC UK 30 CM,"98,800","90,896"
AT-PANEL CA 103 (1 METER),PANEL CA UK 30 CM,"46,800","43,056"
AT-PANEL CA 102 (ISI 10 BTG),PANEL AC UK 30 CM,"98,800","90,896"
AT-PANEL CA 102 (1 METER),PANEL AC UK 30 CM,"46,800","43,056"
AT-PANEL CA 101 (ISI 10 BTG),PANEL AC UK 30 CM,"98,800","90,896"
AT-PANEL CA 101 (1 METER),PANEL AC UK 30 CM,"46,800","43,056"
AT-LMT 6 CM,LIST MOULDING,"48,000","44,160"
"AT-LMT 2,5 CM",LIST MOULDING,"22,900","21,068"
AT-LM 6 CM,LIST MOULDING,"52,000","47,840"
AT-LM 4 CM,LIST MOULDING,"32,000","29,440"
AT-KS 34 UK 10 CM X 5 CM,KISI PARTISI,"106,900","98,348"
AT-KS 31 UK 10 CM X 5 CM,KISI PARTISI,"106,900","98,348"
AT-KS 121 UK 10 CM X 5 CM,KISI PARTISI,"106,900","98,348"
AT- Y 92,WPC PANEL 4 STRIP,88.800,82
AT- Y 47,WPC PANEL 4 STRIP,88.800,82
AT- Y 34,WPC PANEL 4 STRIP,88.800,82
"AT- Y 102 (ABU"" GLITER) - (1M)",WPC PANEL 4 STRIP,"36,000","33,120"
"AT- Y 102 (ABU"" GLITER) - (1M)",WPC PANEL 4 STRIP,"88,800","81,696"
AT- Y 101 (PUTIH GLITER) (1M),WPC PANEL 4 STRIP,"36,000","33,120"
AT- Y 101 (PUTIH GLITER),WPC PANEL 4 STRIP,"88,800","81,696"
AT- LY 24,PLINT L,"88,800","81,696"
"AT- KS121 PLAFON (4CM X 4,5CM)",KISI-KISI PLAFON,"74,600","68,632"
AT- KS 34 PLAFON (5 CM X 9 CM),KISI-KISI PLAFON,"106,900","98,348"
"AT- KS 34 PLAFON (4CM X 4,5CM)",KISI-KISI PLAFON,"74,600","68,632"
AT- KS 31 PLAFON (5 CM X 9 CM),KISI-KISI PLAFON,"106,900","98,348"
"AT- KS 31 PLAFON (4CM X 4,5CM)",KISI-KISI PLAFON,"74,600","68,632"
AT- KS 121 PLAFON(5 CM X 9 CM),KISI-KISI PLAFON,"106,900","98,348"
AT- KL 8273,PVC MARBLE,"386,800","355,856"
AT- KL 8088,PVC MARBLE,"386,800","355,856"
AT- DY 022 - (1.45M),PVC MARBLE,"278,900","256,588"
AT- DY 022,PVC MARBLE,"386,800","355,856"
AT- 8047A,PVC MARBLE,"386,800","355,856"
AT- 8038A,PVC MARBLE,"386,800","355,856"
"AT- 8006T (1,22M X 1,45M)",PVC MARBLE,"428,280","394,018"
AT- 8006T,PVC MARBLE,"386,800","355,856"
AT- 002 HITAM SERAT PUTIH,PVC MARBLE,"386,800","355,856"
AT KS 02 UK 4 CM X 5 CM,KISI PARTISI,"74,600","68,632"
AT DY 03,AT DECKING FLOOR,"217,900","200,468"
AT DY 02,AT DECKING FLOOR,"217,900","200,468"
AT DY 01,AT DECKING FLOOR,"217,900","200,468"
AT 8041A,PVC MARBLE,"386,800","355,856"
"AT - PVCB 01 - SILVER (1,45M)",PVC BOARD SILVER DOVE,"225,750","207,690"
"AT - MIXED TEAK (GANDA) 1,5M",WPC PANEL OUTDOOR GANDA WARNA MIXED TEAK,"525,000","483,000"
"AT - KL 8273 (1,45M)",PVC MARBLE,"856,388","787,877"
AT - 8056-1A,PVC MARBLE,"386,800","355,856"
"AT - 002 (1,45M)",PVC MARBLE,"278,900","256,588"
AO222 PVC SHEET(50M X 120CM),PVC SHEET MARBLE STICKER FURNITURE,"800,000","736,000"
AO222 PVC SHEET(25CM X 120CM),PVC SHEET MARBLE STICKER FURNITURE,"800,000","736,000"
AO220 PVC SHEET (25CM X120CM),PVC SHEET MARBLE STICKER FURNITURE,"10,000","9,200"
AO217 PVC SHEET(50 M X 120 CM),PVC SHEET MARBLE STICKER FURNITURE (ROLLAN),"10,000","9,200"
AO217 PVC SHEET(25CM X 120CM),PVC SHEET MARBLE STICKER FURNITURE,"484,268","445,527"
AO216 PVC SHEET(50M X 120 CM),PVC SHEET MARBLE STICKER FURNITURE (ROLLAN),"800,000","736,000"
AO216 PVC SHEET (25CM X 120CM),PVC SHEET MARBLE STICKER FURNITURE,"170,822","157,156"
AO 232 PVC SHEET (25CM X125CM),PVC SHEET MARBLE STICKER FURNITURE,"120,500","110,860"
AO 232 PVC SHEET (120CM X 50M),PVC SHEET MARBLE STICKER FURNITURE,"679,400","625,048"
AO 220 PVC SHEET (50M X 120CM),PVC SHEET MARBLE STICKER FURNITURE (ROLLAN),"800,000","736,000"
AO 215 PVC SHEET(120CM X 25CM),PVC SHEET MARBLE FURNITURE,"99,148","91,216"
AO 211 PVC SHEET (25CM X120CM),PVC SHEET MARBLE STICKER FURNITURE,"1,374,724","1,264,746"
AO 211 PVC SHEET (120CM X 50M),PVC SHEET MARBLE STICKER FURNITURE,"778,520","716,238"
A56055 (78),WALLPAPER DELAPAN,"888,000","816,960"
A-161707 (39),CHLOE,"214,140","197,009"
A-161702 (40),CHLOE,"901,024","828,942"
A-161507 (26),CH,"42,828","39,402"
A-161501 (30),CH,"214,140","197,009"
A-160912 (89),CH (katalog besar dan Kecil -  style beda Warna ),"128,484","118,205"
A-160906 (88),CH,"135,000","124,200"
A-160105 (96),CHLOE,"1,171,390","1,077,679"
A-160103 (95),CHLOE,"957,596","880,988"
952202 (47),WALLPAPER DELAPAN,"478,400","440,128"
951704 (17),WALLPAPER DELAPAN,"180,084","165,677"
951405 (53),WALLPAPER DELAPAN,"478,400","440,128"
951404 (54),WALLPAPER DELAPAN,"418,600","385,112"
951203 (38),WALLPAPER DELAPAN,"418,800","385,296"
950501 (42),WALLPAPER DELAPAN,"85,656","78,804"
920802 (14),GE,"85,656","78,804"
920706 (48),GE,"385,452","354,616"
920704 (47),GE,"1,199,184","1,103,249"
920209 (81),GE,"128,484","118,205"
920094 (2),WALLPAPER DELAPAN,"478,400","440,128"
920093 (3),WALLPAPER DELAPAN,"478,400","440,128"
920063 (55),WALLPAPER DELAPAN,"101,436","93,321"
920061 (56),WALLPAPER DELAPAN,"171,312","157,607"
910144 (58),WALLPAPER DELAPAN,"478,400","440,128"
910141 (60),WALLPAPER DELAPAN,"478,400","440,128"
910101 (12),WALLPAPER DELAPAN,"143,638","132,147"
8041A UKR 1.22M X 1.45M,PVC MARBLE,"214,140","197,009"
80141A UKR 1.22M X 1.45M,PVC MARBEL,"342,968","315,531"
71141 (26),WALLPAPER DELAPAN,"279,200","256,864"
71113 (27),WALLPAPER DELAPAN,"120,056","110,452"
191602 (86),GE,"1,968,000","1,810,560"
190908 (83),GREEN 8 CITY,"171,312","157,607"
190905 (88),GREEN 8 CITY,"513,936","472,821"
190701 (69),GREEN 8 CITY,"558,400","513,728"
190607 (74),GE,"707,800","651,176"
"05 PENUTUP LIST PLANK ABU""MUDA",AKSESORIS LIST PLANK ALUMUNIUM,"373,180","343,326"
"05 PENUTUP LIST PLANK ABU"" TUA",AKSESORIS LIST PLANK ALUMUNIUM,"30,780","28,318"
04 KLIP LIST PLANK ALUMUNIUM,AKSESORIS LIST PLANK ALUMUNIUM,"312,470","287,472"
"03 CONNECTOR DALAM ABU"" TUA",AKSESORIS LIST PALNK ALUMUNIUM,"16,856","15,508"
"03 CONNECTOR DALAM ABU"" MUDA",AKSESORIS LIST PLANK ALUMUNIUM,"299,272","275,330"
"02 CONNECTOR LUAR ABU"" MUDA",AKSESORIS LIST PLANK ALUMUNIUM,"230,000","211,600"
"01 MIDDLE ABU"" MUDA",AKSESORIS LIST PLANK ALUMUNIUM,"443,908","408,395"
01 MIDDLE,AKSESORIS LIST PLANK ALUMUNIUM,"16,856","15,508"
"AT-PVCB 03 BROWNZE(MIROR)1,45M",PVC BOARD MIRROR BROWNZE,"298,500","274,620"
"AT-PVCB 13 BLACK (1,45M)",PVC BOARD MIRROR BLACK,"298,500","274,620"
"AT-PVCB 18 PINK (MIRROR) 1,45M",PVC BOARD MIRROR PINK,"298,500","274,620"
WB X- 042,WALLBOARD 8MM 1DUS ISI 8,"116,800","107,456"
WB X- 99,WALLBOARD 8 MM ISI 1 DUS 8,"116,800","107,456"
WB X-06,WALLBOARD 8 MM 1DUS ISI 8,"116,800","107,456"
WB XS 042,WALLBOARD,"116,800","107,456"
WB XS 045,WALLBOARD,"116,800","107,456"
WB XS 058,WALLBOARD,"116,800","107,456"
WB XS 062,WALLBOARD,"116,800","107,456"
WB XS 063,WALLBOARD,"116,800","107,456"
"WB ATX - 035 (1,5M)",WALLBOARD 8 MM 1 DUS ISI 10,"74,800","68,816"
"WB ATX - 037 (1,5 METER)",WALLBOARD 8 MM 1 DUS ISI 10,"74,800","68,816"
"WB ATX - 039 (1,5 METER)",WALLBOARD 8 MM 1 DUS ISI 10,"74,800","68,816"
"WB ATX - 042 (1,5 METER)",WALLBOARD 8 MM 1 DUS ISI 10,"74,800","68,816"
"WB ATX - 043 (1,5 METER)",WALLBOARD 8 MM 1 DUS ISI 10,"74,800","68,816"
"WB ATX - 045 (1,5 METER)",WALLBOARD 8 MM 1 DUS ISI 10,"74,800","68,816"
"WB ATX - 058 (1,5M)",WALLBOARD 8 MM 1 DUS ISI 10,"74,800","68,816"
"WB ATX - 06 (1,5M)","WALLBOARD 8 MM 1 DUS ISI 10 (1,5 METER)","74,800","68,816"
"WB ATX - 082 (1,5 METER)",WALLBOARD 8 MM 1 DUS ISI 10,"74,800","68,816"
"WB ATX - 099 (1,5 METER)",WALLBOARD 8 MM 1 DUS ISI 10,"74,800","68,816"
"WB ATX - 82 (1,5 METER)",WALLBOARD 8 MM 1 DUS ISI 10,"74,800","68,816"
"WB ATX - A207 (1,5 METER)",WALLBOARD 8 MM 1 DUS ISI 10,"74,800","68,816"
"WB ATX - A209 (1,5M)",WALLBOARD 8 MM 1 DUS ISI 10,"74,800","68,816"
"WB ATX - A228 (1,5 METER)",WALLBOARD 8 MM 1 DUS ISI 10,"74,800","68,816"
"WB SR X 809 (1,5 M)",WALLBOARD 8 MM 1 DUS ISI 8,"74,800","68,816"
"WB SR-X 03 (1,5 M)",WALLBOARD 8 MM 1 DUS ISI 8,"74,800","68,816"
"WB SR-X 109 (1,5M)",WALLBOARD 8 MM 1 DUS ISI 8,"74,800","68,816"
"WB SR-X 212 (1,5M)",WALLBOARD 8 MM 1 DUS ISI 8,"74,800","68,816"
"WB SRX- 06 (1,5 METER)",WALLBOARD 8 MM 1 DUS ISI 8,"74,800","68,816"
"WB SRX- 106 (1,5M)",WALLBOARD 8 MM 1 DUS ISI 8,"74,800","68,816"
"WB SRX- 340 (1,5M)",WALLBOARD 8 MM 1 DUS ISI 8,"74,800","68,816"
"WB SRX- 81 (1,5M)",WALLBOARD 8 MM 1 DUS ISI 8,"74,800","68,816"
"WB SRX- 88 (1,5 METER)",WALLBOARD 8 MM 1 DUS ISI 8,"74,800","68,816"
"WB SRX-08 (1,5 METER)",WALLBOARD 8 MM 1 DUS ISI 8,"74,800","68,816"
"WB SRX-082 (1,5 METER)",WALLBOARD 8 MM 1 DUS ISI 8,"74,800","68,816"
"WB SRX-172 (1,5 METER)",WALLBOARD 8 MM 1 DUS ISI 8,"74,800","68,816"
"WB SRX-436 (1,5M)",WALLBOARD 8 MM 1 DUS ISI 8,"74,800","68,816"
"WB X - 029 (1,5meter)",WALLBOARD 8 MM,"74,800","68,816"
"WB X - 032 (1,5 METER)",WALLBOARD 8 MM 1 DUS ISI 8,"74,800","68,816"
"WB X - 035 (1,5m)",WALLBOARD 8 MM 1 DUS ISI 8,"74,800","68,816"
"WB X - 037 (1,5METER)",WALLBOARD 8 MM 1DUS ISI 8,"74,800","68,816"
"WB X - 043 (1,5meter)",WALLBOARD 8 MM 1 DUS ISI 8,"74,800","68,816"
"WB X - 045 (1,5M)",WALLBOARD,"74,800","68,816"
WB X - 058 (1.5M),WALLBOARD 8 MM 1 DUS ISI 8,"74,800","68,816"
"WB X - 06 (1,5 METER)",WALLBOARD 8MM 1DUS ISI 8,"74,800","68,816"
"WB X- 042 - (1,5M)",WALLBOARD 8MM 1DUS ISI 8,"74,800","68,816"
WB X- 99 (1.5M),WALLBOARD 8 MM ISI 1 DUS 8,"74,800","68,816"
"WB XS 042 (1,5M)",WALLBOARD,"74,800","68,816"
"WB XS 045 (1,5M)",WALLBOARD,"74,800","68,816"
"WB XS 058 (1,5M)",WALLBOARD,"74,800","68,816"
"WB XS 062 (1,5M)",WALLBOARD,"74,800","68,816"
"WB XS 063 (1,5meter)",WALLBOARD,"74,800","68,816"
,,,
,,,
,,,
,,,
,,,
,,,
,,,
,,,
,,,
,,,
,,,
,,,
,,,
,,,
,,,
,,,
,,,
,,,
,,,
,,,
,,,
,,,
,,,
,,,
,,,
,,,
,,,
,,,
,,,
,,,
,,,
,,,
,,,
,,,
,,,
,,,
,,,
,,,
,,,
,,,
,,,
,,,
,,,
,,,
,,,
,,,
,,,
,,,
,,,
,,,
,,,
,,,
,,,
,,,
,,,
,,,
,,,
,,,
,,,
,,,
,,,
,,,
,,,
,,,
,,,
,,,
,,,
,,,
,,,
,,,
,,,
,,,
,,,
,,,
,,,
,,,
,,,
,,,
,,,
,,,
,,,
,,,
,,,
,,,
,,,
,,,
,,,
,,,
,,,
,,,
,,,
,,,
,,,
,,,
,,,
,,,
,,,
,,,
,,,
,,,
,,,
,,,
,,,
,,,
,,,
,,,
,,,
,,,
,,,
,,,
,,,
,,,
,,,
,,,
,,,
,,,
,,,
,,,
,,,
,,,
,,,
,,,
,,,
,,,
,,,
,,,
,,,
,,,
,,,
,,,
,,,
,,,
,,,
,,,
,,,
,,,
,,,
,,,
,,,
,,,
,,,
,,,
,,,
,,,
,,,
,,,
,,,
,,,
,,,
,,,
,,,
,,,
,,,
,,,
,,,
,,,
,,,
,,,
,,,
,,,
,,,
,,,
,,,
,,,
,,,
,,,
,,,
,,,
,,,
,,,
,,,
,,,
,,,
,,,
,,,
,,,
,,,
,,,
,,,
,,,
,,,
,,,
,,,
,,,
,,,
,,,
,,,
,,,
,,,
,,,
,,,
,,,
,,,
,,,
,,,
,,,
,,,
,,,
,,,
,,,
,,,
,,,
,,,
,,,
,,,
,,,
,,,
,,,
,,,
,,,
,,,
,,,
,,,
,,,
,,,
,,,
,,,
,,,
,,,
,,,
,,,
,,,
,,,
,,,
,,,
,,,
,,,
,,,
,,,
,,,
,,,
,,,
,,,
,,,
,,,
,,,
,,,
,,,
,,,
,,,
,,,
,,,
,,,
,,,
,,,
,,,
,,,
,,,
,,,
,,,
,,,
,,,
,,,
,,,
,,,
,,,
,,,
,,,
,,,
,,,
,,,
,,,
,,,
,,,
,,,
,,,
,,,
,,,
,,,
,,,
,,,
,,,
,,,
,,,
,,,
,,,
,,,
,,,
,,,
,,,
,,,
,,,
,,,
,,,
,,,
,,,
,,,
,,,
,,,
,,,
,,,
,,,
,,,
,,,
,,,
,,,
,,,
,,,
,,,
,,,
,,,
,,,
,,,
,,,
,,,
,,,
,,,
,,,
,,,
,,,
,,,
,,,
,,,
,,,
,,,
,,,
,,,
,,,
,,,
,,,
,,,
,,,
,,,
,,,
,,,
,,,
,,,
,,,
,,,
,,,
,,,
,,,
,,,
,,,
,,,
,,,
,,,
,,,
,,,
,,,
,,,
,,,
,,,
,,,
,,,
,,,
,,,
,,,
,,,
,,,
,,,
,,,
,,,
,,,
,,,
,,,
,,,
,,,
,,,
,,,
,,,
,,,
,,,
,,,
,,,
,,,
,,,
,,,
,,,
,,,
,,,
,,,
,,,
,,,
,,,
,,,
,,,
,,,
,,,
,,,
,,,
,,,
,,,
,,,
,,,
,,,
,,,
,,,
,,,
,,,
,,,
,,,
,,,
,,,
,,,
,,,
,,,
,,,
,,,
,,,
,,,
,,,
,,,
,,,
,,,
,,,
,,,
,,,
,,,
,,"14,010,062,533.82",